Workbook

Sheet Sheet1
A1: Lead ID | B1: Store Name | C1: Lead Type | D1: Lead Date | E1: Pre-Booking Date | F1: Booking Date | G1: Delivery Date | H1: Delivery Status | I1: Cancellation Status | J1: Cancellation Reason | K1: Service Follow-up Date | L1: TAT Pre-Booking (Days) | M1: TAT Booking (Days) | N1: TAT Delivery (Days) | O1: Customer Rating | P1: Feedback
A2: L1000 | B2: Bangalore MBC | C2: Warm | D2: 45951 | E2: 45955 | F2: 45959 | G2: 45964 | H2: =IF(G2="", "Not Delivered", "Delivered") -> Delivered | I2: No | J2: not cancelled | K2: 45989 | L2: 4 | M2: 4 | N2: 5 | O2: 2 | P2: {=_xlfn.IFS(O2<=6,"Detractors",AND(O2>=7,O2<=8),"Passives",AND(O2>8,O2<=10),"Promoters",O2="Not Available","NA")} -> Detractors
A3: L1001 | B3: Delhi MBC | C3: Warm | D3: 45941 | E3: 45944 | F3: 45949 | G3: 45956 | H3: =IF(G3="", "Not Delivered", "Delivered") -> Delivered | I3: No | J3: not cancelled | K3: 45983 | L3: 3 | M3: 5 | N3: 7 | O3: 8 | P3: {=_xlfn.IFS(O3<=6,"Detractors",AND(O3>=7,O3<=8),"Passives",AND(O3>8,O3<=10),"Promoters",O3="Not Available","NA")} -> Passives
A4: L1002 | B4: Mumbai MBC | C4: Cold | D4: 45931 | H4: =IF(G4="", "Not Delivered", "Delivered") -> Not Delivered | I4: Yes | J4: Other | L4: 0 | M4: 0 | N4: 0 | O4: Not Available | P4: {=_xlfn.IFS(O4<=6,"Detractors",AND(O4>=7,O4<=8),"Passives",AND(O4>8,O4<=10),"Promoters",O4="Not Available","NA")} -> NA
A5: L1003 | B5: Bangalore MBC | C5: Cold | D5: 45958 | H5: =IF(G5="", "Not Delivered", "Delivered") -> Not Delivered | I5: Yes | J5: Model Unavailable | L5: 0 | M5: 0 | N5: 0 | O5: Not Available | P5: {=_xlfn.IFS(O5<=6,"Detractors",AND(O5>=7,O5<=8),"Passives",AND(O5>8,O5<=10),"Promoters",O5="Not Available","NA")} -> NA
A6: L1004 | B6: Delhi MBC | C6: Warm | D6: 45944 | E6: 45948 | F6: 45951 | G6: 45954 | H6: =IF(G6="", "Not Delivered", "Delivered") -> Delivered | I6: No | J6: not cancelled | K6: 45973 | L6: 4 | M6: 3 | N6: 3 | O6: 8 | P6: {=_xlfn.IFS(O6<=6,"Detractors",AND(O6>=7,O6<=8),"Passives",AND(O6>8,O6<=10),"Promoters",O6="Not Available","NA")} -> Passives
A7: L1005 | B7: Delhi MBC | C7: Warm | D7: 45957 | E7: 45961 | F7: 45965 | G7: 45968 | H7: =IF(G7="", "Not Delivered", "Delivered") -> Delivered | I7: No | J7: not cancelled | K7: 45983 | L7: 4 | M7: 4 | N7: 3 | O7: 9 | P7: {=_xlfn.IFS(O7<=6,"Detractors",AND(O7>=7,O7<=8),"Passives",AND(O7>8,O7<=10),"Promoters",O7="Not Available","NA")} -> Promoters
A8: L1006 | B8: Mumbai MBC | C8: Hot | D8: 45946 | E8: 45950 | F8: 45951 | G8: 45958 | H8: =IF(G8="", "Not Delivered", "Delivered") -> Delivered | I8: No | J8: not cancelled | K8: 45983 | L8: 4 | M8: 1 | N8: 7 | O8: 10 | P8: {=_xlfn.IFS(O8<=6,"Detractors",AND(O8>=7,O8<=8),"Passives",AND(O8>8,O8<=10),"Promoters",O8="Not Available","NA")} -> Promoters
A9: L1007 | B9: Chennai MBC | C9: Warm | D9: 45934 | E9: 45935 | F9: 45938 | G9: 45945 | H9: =IF(G9="", "Not Delivered", "Delivered") -> Delivered | I9: Yes | J9: Changed Mind | L9: 1 | M9: 3 | N9: 7 | O9: Not Available | P9: {=_xlfn.IFS(O9<=6,"Detractors",AND(O9>=7,O9<=8),"Passives",AND(O9>8,O9<=10),"Promoters",O9="Not Available","NA")} -> NA
A10: L1008 | B10: Bangalore MBC | C10: Hot | D10: 45944 | E10: 45947 | F10: 45950 | G10: 45955 | H10: =IF(G10="", "Not Delivered", "Delivered") -> Delivered | I10: No | J10: not cancelled | K10: 45966 | L10: 3 | M10: 3 | N10: 5 | O10: 8 | P10: {=_xlfn.IFS(O10<=6,"Detractors",AND(O10>=7,O10<=8),"Passives",AND(O10>8,O10<=10),"Promoters",O10="Not Available","NA")} -> Passives
A11: L1009 | B11: Mumbai MBC | C11: Warm | D11: 45961 | E11: 45965 | F11: 45966 | G11: 45971 | H11: =IF(G11="", "Not Delivered", "Delivered") -> Delivered | I11: No | J11: not cancelled | K11: 45983 | L11: 4 | M11: 1 | N11: 5 | O11: 6 | P11: {=_xlfn.IFS(O11<=6,"Detractors",AND(O11>=7,O11<=8),"Passives",AND(O11>8,O11<=10),"Promoters",O11="Not Available","NA")} -> Detractors
A12: L1010 | B12: Bangalore MBC | C12: Cold | D12: 45942 | H12: =IF(G12="", "Not Delivered", "Delivered") -> Not Delivered | I12: Yes | J12: Other | L12: 0 | M12: 0 | N12: 0 | O12: Not Available | P12: {=_xlfn.IFS(O12<=6,"Detractors",AND(O12>=7,O12<=8),"Passives",AND(O12>8,O12<=10),"Promoters",O12="Not Available","NA")} -> NA
A13: L1011 | B13: Delhi MBC | C13: Warm | D13: 45951 | E13: 45954 | F13: 45958 | G13: 45960 | H13: =IF(G13="", "Not Delivered", "Delivered") -> Delivered | I13: No | J13: not cancelled | K13: 45971 | L13: 3 | M13: 4 | N13: 2 | O13: 0 | P13: {=_xlfn.IFS(O13<=6,"Detractors",AND(O13>=7,O13<=8),"Passives",AND(O13>8,O13<=10),"Promoters",O13="Not Available","NA")} -> Detractors
A14: L1012 | B14: Delhi MBC | C14: Warm | D14: 45959 | E14: 45962 | F14: 45967 | G14: 45974 | H14: =IF(G14="", "Not Delivered", "Delivered") -> Delivered | I14: No | J14: not cancelled | K14: 45991 | L14: 3 | M14: 5 | N14: 7 | O14: 10 | P14: {=_xlfn.IFS(O14<=6,"Detractors",AND(O14>=7,O14<=8),"Passives",AND(O14>8,O14<=10),"Promoters",O14="Not Available","NA")} -> Promoters
A15: L1013 | B15: Chennai MBC | C15: Warm | D15: 45957 | E15: 45960 | F15: 45963 | G15: 45969 | H15: =IF(G15="", "Not Delivered", "Delivered") -> Delivered | I15: No | J15: not cancelled | K15: 45998 | L15: 3 | M15: 3 | N15: 6 | O15: 2 | P15: {=_xlfn.IFS(O15<=6,"Detractors",AND(O15>=7,O15<=8),"Passives",AND(O15>8,O15<=10),"Promoters",O15="Not Available","NA")} -> Detractors
A16: L1014 | B16: Delhi MBC | C16: Hot | D16: 45945 | E16: 45947 | F16: 45948 | G16: 45951 | H16: =IF(G16="", "Not Delivered", "Delivered") -> Delivered | I16: Yes | J16: Changed Mind | L16: 2 | M16: 1 | N16: 3 | O16: Not Available | P16: {=_xlfn.IFS(O16<=6,"Detractors",AND(O16>=7,O16<=8),"Passives",AND(O16>8,O16<=10),"Promoters",O16="Not Available","NA")} -> NA
A17: L1015 | B17: Delhi MBC | C17: Warm | D17: 45953 | E17: 45957 | F17: 45962 | G17: 45967 | H17: =IF(G17="", "Not Delivered", "Delivered") -> Delivered | I17: No | J17: not cancelled | K17: 45984 | L17: 4 | M17: 5 | N17: 5 | O17: 8 | P17: {=_xlfn.IFS(O17<=6,"Detractors",AND(O17>=7,O17<=8),"Passives",AND(O17>8,O17<=10),"Promoters",O17="Not Available","NA")} -> Passives
A18: L1016 | B18: Mumbai MBC | C18: Hot | D18: 45935 | E18: 45936 | F18: 45940 | G18: 45946 | H18: =IF(G18="", "Not Delivered", "Delivered") -> Delivered | I18: No | J18: not cancelled | K18: 45956 | L18: 1 | M18: 4 | N18: 6 | O18: 2 | P18: {=_xlfn.IFS(O18<=6,"Detractors",AND(O18>=7,O18<=8),"Passives",AND(O18>8,O18<=10),"Promoters",O18="Not Available","NA")} -> Detractors
A19: L1017 | B19: Bangalore MBC | C19: Hot | D19: 45944 | E19: 45945 | F19: 45948 | G19: 45953 | H19: =IF(G19="", "Not Delivered", "Delivered") -> Delivered | I19: No | J19: not cancelled | K19: 45979 | L19: 1 | M19: 3 | N19: 5 | O19: 0 | P19: {=_xlfn.IFS(O19<=6,"Detractors",AND(O19>=7,O19<=8),"Passives",AND(O19>8,O19<=10),"Promoters",O19="Not Available","NA")} -> Detractors
A20: L1018 | B20: Bangalore MBC | C20: Warm | D20: 45936 | E20: 45937 | F20: 45942 | G20: 45947 | H20: =IF(G20="", "Not Delivered", "Delivered") -> Delivered | I20: No | J20: not cancelled | K20: 45972 | L20: 1 | M20: 5 | N20: 5 | O20: 5 | P20: {=_xlfn.IFS(O20<=6,"Detractors",AND(O20>=7,O20<=8),"Passives",AND(O20>8,O20<=10),"Promoters",O20="Not Available","NA")} -> Detractors
A21: L1019 | B21: Mumbai MBC | C21: Warm | D21: 45954 | E21: 45955 | F21: 45960 | G21: 45962 | H21: =IF(G21="", "Not Delivered", "Delivered") -> Delivered | I21: No | J21: not cancelled | K21: 45972 | L21: 1 | M21: 5 | N21: 2 | O21: 4 | P21: {=_xlfn.IFS(O21<=6,"Detractors",AND(O21>=7,O21<=8),"Passives",AND(O21>8,O21<=10),"Promoters",O21="Not Available","NA")} -> Detractors
A22: L1020 | B22: Chennai MBC | C22: Warm | D22: 45947 | E22: 45951 | F22: 45953 | G22: 45960 | H22: =IF(G22="", "Not Delivered", "Delivered") -> Delivered | I22: No | J22: not cancelled | K22: 45980 | L22: 4 | M22: 2 | N22: 7 | O22: 6 | P22: {=_xlfn.IFS(O22<=6,"Detractors",AND(O22>=7,O22<=8),"Passives",AND(O22>8,O22<=10),"Promoters",O22="Not Available","NA")} -> Detractors
A23: L1021 | B23: Bangalore MBC | C23: Hot | D23: 45961 | E23: 45962 | F23: 45963 | G23: 45966 | H23: =IF(G23="", "Not Delivered", "Delivered") -> Delivered | I23: No | J23: not cancelled | K23: 45995 | L23: 1 | M23: 1 | N23: 3 | O23: 3 | P23: {=_xlfn.IFS(O23<=6,"Detractors",AND(O23>=7,O23<=8),"Passives",AND(O23>8,O23<=10),"Promoters",O23="Not Available","NA")} -> Detractors
A24: L1022 | B24: Delhi MBC | C24: Warm | D24: 45951 | E24: 45954 | F24: 45959 | G24: 45962 | H24: =IF(G24="", "Not Delivered", "Delivered") -> Delivered | I24: No | J24: not cancelled | K24: 45978 | L24: 3 | M24: 5 | N24: 3 | O24: 8 | P24: {=_xlfn.IFS(O24<=6,"Detractors",AND(O24>=7,O24<=8),"Passives",AND(O24>8,O24<=10),"Promoters",O24="Not Available","NA")} -> Passives
A25: L1023 | B25: Bangalore MBC | C25: Warm | D25: 45939 | E25: 45941 | F25: 45945 | G25: 45949 | H25: =IF(G25="", "Not Delivered", "Delivered") -> Delivered | I25: No | J25: not cancelled | K25: 45963 | L25: 2 | M25: 4 | N25: 4 | O25: 3 | P25: {=_xlfn.IFS(O25<=6,"Detractors",AND(O25>=7,O25<=8),"Passives",AND(O25>8,O25<=10),"Promoters",O25="Not Available","NA")} -> Detractors
A26: L1024 | B26: Delhi MBC | C26: Warm | D26: 45950 | E26: 45955 | F26: 45957 | G26: 45964 | H26: =IF(G26="", "Not Delivered", "Delivered") -> Delivered | I26: No | J26: not cancelled | K26: 45984 | L26: 5 | M26: 2 | N26: 7 | O26: 1 | P26: {=_xlfn.IFS(O26<=6,"Detractors",AND(O26>=7,O26<=8),"Passives",AND(O26>8,O26<=10),"Promoters",O26="Not Available","NA")} -> Detractors
A27: L1025 | B27: Chennai MBC | C27: Warm | D27: 45956 | E27: 45957 | F27: 45962 | G27: 45964 | H27: =IF(G27="", "Not Delivered", "Delivered") -> Delivered | I27: No | J27: not cancelled | K27: 45979 | L27: 1 | M27: 5 | N27: 2 | O27: 4 | P27: {=_xlfn.IFS(O27<=6,"Detractors",AND(O27>=7,O27<=8),"Passives",AND(O27>8,O27<=10),"Promoters",O27="Not Available","NA")} -> Detractors
A28: L1026 | B28: Mumbai MBC | C28: Warm | D28: 45960 | E28: 45965 | F28: 45970 | G28: 45976 | H28: =IF(G28="", "Not Delivered", "Delivered") -> Delivered | I28: No | J28: not cancelled | K28: 45996 | L28: 5 | M28: 5 | N28: 6 | O28: 1 | P28: {=_xlfn.IFS(O28<=6,"Detractors",AND(O28>=7,O28<=8),"Passives",AND(O28>8,O28<=10),"Promoters",O28="Not Available","NA")} -> Detractors
... A30: L1028 | B30: Mumbai MBC | C30: Warm | D30: 45955 | E30: 45960 | F30: 45962 | G30: 45968 | H30: =IF(G30="", "Not Delivered", "Delivered") -> Delivered | I30: No | J30: not cancelled | K30: 45978 | L30: 5 | M30: 2 | N30: 6 | O30: 3 | P30: {=_xlfn.IFS(O30<=6,"Detractors",AND(O30>=7,O30<=8),"Passives",AND(O30>8,O30<=10),"Promoters",O30="Not Available","NA")} -> Detractors
A31: L1029 | B31: Bangalore MBC | C31: Cold | D31: 45946 | H31: =IF(G31="", "Not Delivered", "Delivered") -> Not Delivered | I31: Yes | J31: Changed Mind | L31: 0 | M31: 0 | N31: 0 | O31: Not Available | P31: {=_xlfn.IFS(O31<=6,"Detractors",AND(O31>=7,O31<=8),"Passives",AND(O31>8,O31<=10),"Promoters",O31="Not Available","NA")} -> NA
A32: L1030 | B32: Delhi MBC | C32: Warm | D32: 45945 | E32: 45948 | F32: 45950 | G32: 45953 | H32: =IF(G32="", "Not Delivered", "Delivered") -> Delivered | I32: No | J32: not cancelled | K32: 45967 | L32: 3 | M32: 2 | N32: 3 | O32: 3 | P32: {=_xlfn.IFS(O32<=6,"Detractors",AND(O32>=7,O32<=8),"Passives",AND(O32>8,O32<=10),"Promoters",O32="Not Available","NA")} -> Detractors
A33: L1031 | B33: Mumbai MBC | C33: Warm | D33: 45944 | E33: 45945 | F33: 45946 | G33: 45950 | H33: =IF(G33="", "Not Delivered", "Delivered") -> Delivered | I33: No | J33: not cancelled | K33: 45978 | L33: 1 | M33: 1 | N33: 4 | O33: 5 | P33: {=_xlfn.IFS(O33<=6,"Detractors",AND(O33>=7,O33<=8),"Passives",AND(O33>8,O33<=10),"Promoters",O33="Not Available","NA")} -> Detractors
A34: L1032 | B34: Bangalore MBC | C34: Warm | D34: 45957 | E34: 45961 | F34: 45966 | G34: 45970 | H34: =IF(G34="", "Not Delivered", "Delivered") -> Delivered | I34: No | J34: not cancelled | K34: 45984 | L34: 4 | M34: 5 | N34: 4 | O34: 3 | P34: {=_xlfn.IFS(O34<=6,"Detractors",AND(O34>=7,O34<=8),"Passives",AND(O34>8,O34<=10),"Promoters",O34="Not Available","NA")} -> Detractors
A35: L1033 | B35: Delhi MBC | C35: Warm | D35: 45954 | E35: 45957 | F35: 45958 | G35: 45961 | H35: =IF(G35="", "Not Delivered", "Delivered") -> Delivered | I35: No | J35: not cancelled | K35: 45974 | L35: 3 | M35: 1 | N35: 3 | O35: 3 | P35: {=_xlfn.IFS(O35<=6,"Detractors",AND(O35>=7,O35<=8),"Passives",AND(O35>8,O35<=10),"Promoters",O35="Not Available","NA")} -> Detractors
A36: L1034 | B36: Mumbai MBC | C36: Cold | D36: 45949 | H36: =IF(G36="", "Not Delivered", "Delivered") -> Not Delivered | I36: Yes | J36: Model Unavailable | L36: 0 | M36: 0 | N36: 0 | O36: Not Available | P36: {=_xlfn.IFS(O36<=6,"Detractors",AND(O36>=7,O36<=8),"Passives",AND(O36>8,O36<=10),"Promoters",O36="Not Available","NA")} -> NA
A37: L1035 | B37: Mumbai MBC | C37: Warm | D37: 45939 | E37: 45943 | F37: 45945 | G37: 45950 | H37: =IF(G37="", "Not Delivered", "Delivered") -> Delivered | I37: No | J37: not cancelled | K37: 45976 | L37: 4 | M37: 2 | N37: 5 | O37: 9 | P37: {=_xlfn.IFS(O37<=6,"Detractors",AND(O37>=7,O37<=8),"Passives",AND(O37>8,O37<=10),"Promoters",O37="Not Available","NA")} -> Promoters
A38: L1036 | B38: Bangalore MBC | C38: Warm | D38: 45941 | E38: 45942 | F38: 45943 | G38: 45945 | H38: =IF(G38="", "Not Delivered", "Delivered") -> Delivered | I38: Yes | J38: Financing Issue | L38: 1 | M38: 1 | N38: 2 | O38: Not Available | P38: {=_xlfn.IFS(O38<=6,"Detractors",AND(O38>=7,O38<=8),"Passives",AND(O38>8,O38<=10),"Promoters",O38="Not Available","NA")} -> NA
A39: L1037 | B39: Bangalore MBC | C39: Warm | D39: 45958 | E39: 45961 | F39: 45965 | G39: 45969 | H39: =IF(G39="", "Not Delivered", "Delivered") -> Delivered | I39: No | J39: not cancelled | K39: 45990 | L39: 3 | M39: 4 | N39: 4 | O39: 2 | P39: {=_xlfn.IFS(O39<=6,"Detractors",AND(O39>=7,O39<=8),"Passives",AND(O39>8,O39<=10),"Promoters",O39="Not Available","NA")} -> Detractors
A40: L1038 | B40: Bangalore MBC | C40: Warm | D40: 45938 | E40: 45943 | F40: 45946 | G40: 45953 | H40: =IF(G40="", "Not Delivered", "Delivered") -> Delivered | I40: No | J40: not cancelled | K40: 45965 | L40: 5 | M40: 3 | N40: 7 | O40: 9 | P40: {=_xlfn.IFS(O40<=6,"Detractors",AND(O40>=7,O40<=8),"Passives",AND(O40>8,O40<=10),"Promoters",O40="Not Available","NA")} -> Promoters
A41: L1039 | B41: Delhi MBC | C41: Warm | D41: 45957 | E41: 45960 | F41: 45964 | G41: 45969 | H41: =IF(G41="", "Not Delivered", "Delivered") -> Delivered | I41: Yes | J41: Other | L41: 3 | M41: 4 | N41: 5 | O41: Not Available | P41: {=_xlfn.IFS(O41<=6,"Detractors",AND(O41>=7,O41<=8),"Passives",AND(O41>8,O41<=10),"Promoters",O41="Not Available","NA")} -> NA
A42: L1040 | B42: Bangalore MBC | C42: Cold | D42: 45960 | H42: =IF(G42="", "Not Delivered", "Delivered") -> Not Delivered | I42: Yes | J42: Model Unavailable | L42: 0 | M42: 0 | N42: 0 | O42: Not Available | P42: {=_xlfn.IFS(O42<=6,"Detractors",AND(O42>=7,O42<=8),"Passives",AND(O42>8,O42<=10),"Promoters",O42="Not Available","NA")} -> NA
A43: L1041 | B43: Mumbai MBC | C43: Warm | D43: 45933 | E43: 45936 | F43: 45938 | G43: 45944 | H43: =IF(G43="", "Not Delivered", "Delivered") -> Delivered | I43: No | J43: not cancelled | K43: 45965 | L43: 3 | M43: 2 | N43: 6 | O43: 6 | P43: {=_xlfn.IFS(O43<=6,"Detractors",AND(O43>=7,O43<=8),"Passives",AND(O43>8,O43<=10),"Promoters",O43="Not Available","NA")} -> Detractors
A44: L1042 | B44: Mumbai MBC | C44: Warm | D44: 45939 | E44: 45940 | F44: 45944 | G44: 45951 | H44: =IF(G44="", "Not Delivered", "Delivered") -> Delivered | I44: No | J44: not cancelled | K44: 45973 | L44: 1 | M44: 4 | N44: 7 | O44: 7 | P44: {=_xlfn.IFS(O44<=6,"Detractors",AND(O44>=7,O44<=8),"Passives",AND(O44>8,O44<=10),"Promoters",O44="Not Available","NA")} -> Passives
A45: L1043 | B45: Bangalore MBC | C45: Cold | D45: 45959 | H45: =IF(G45="", "Not Delivered", "Delivered") -> Not Delivered | I45: Yes | J45: Changed Mind | L45: 0 | M45: 0 | N45: 0 | O45: Not Available | P45: {=_xlfn.IFS(O45<=6,"Detractors",AND(O45>=7,O45<=8),"Passives",AND(O45>8,O45<=10),"Promoters",O45="Not Available","NA")} -> NA
A46: L1044 | B46: Bangalore MBC | C46: Hot | D46: 45945 | E46: 45950 | F46: 45952 | G46: 45956 | H46: =IF(G46="", "Not Delivered", "Delivered") -> Delivered | I46: No | J46: not cancelled | K46: 45984 | L46: 5 | M46: 2 | N46: 4 | O46: 8 | P46: {=_xlfn.IFS(O46<=6,"Detractors",AND(O46>=7,O46<=8),"Passives",AND(O46>8,O46<=10),"Promoters",O46="Not Available","NA")} -> Passives
A47: L1045 | B47: Chennai MBC | C47: Hot | D47: 45938 | E47: 45943 | F47: 45947 | G47: 45953 | H47: =IF(G47="", "Not Delivered", "Delivered") -> Delivered | I47: No | J47: not cancelled | K47: 45966 | L47: 5 | M47: 4 | N47: 6 | O47: 3 | P47: {=_xlfn.IFS(O47<=6,"Detractors",AND(O47>=7,O47<=8),"Passives",AND(O47>8,O47<=10),"Promoters",O47="Not Available","NA")} -> Detractors
A48: L1046 | B48: Mumbai MBC | C48: Warm | D48: 45955 | E48: 45957 | F48: 45962 | G48: 45967 | H48: =IF(G48="", "Not Delivered", "Delivered") -> Delivered | I48: No | J48: not cancelled | K48: 45987 | L48: 2 | M48: 5 | N48: 5 | O48: 5 | P48: {=_xlfn.IFS(O48<=6,"Detractors",AND(O48>=7,O48<=8),"Passives",AND(O48>8,O48<=10),"Promoters",O48="Not Available","NA")} -> Detractors
A49: L1047 | B49: Delhi MBC | C49: Cold | D49: 45945 | H49: =IF(G49="", "Not Delivered", "Delivered") -> Not Delivered | I49: Yes | J49: Model Unavailable | L49: 0 | M49: 0 | N49: 0 | O49: Not Available | P49: {=_xlfn.IFS(O49<=6,"Detractors",AND(O49>=7,O49<=8),"Passives",AND(O49>8,O49<=10),"Promoters",O49="Not Available","NA")} -> NA
A50: L1048 | B50: Chennai MBC | C50: Hot | D50: 45949 | E50: 45951 | F50: 45956 | G50: 45962 | H50: =IF(G50="", "Not Delivered", "Delivered") -> Delivered | I50: No | J50: not cancelled | K50: 45981 | L50: 2 | M50: 5 | N50: 6 | O50: 0 | P50: {=_xlfn.IFS(O50<=6,"Detractors",AND(O50>=7,O50<=8),"Passives",AND(O50>8,O50<=10),"Promoters",O50="Not Available","NA")} -> Detractors
A51: L1049 | B51: Bangalore MBC | C51: Hot | D51: 45950 | E51: 45954 | F51: 45958 | G51: 45963 | H51: =IF(G51="", "Not Delivered", "Delivered") -> Delivered | I51: No | J51: not cancelled | K51: 45983 | L51: 4 | M51: 4 | N51: 5 | O51: 6 | P51: {=_xlfn.IFS(O51<=6,"Detractors",AND(O51>=7,O51<=8),"Passives",AND(O51>8,O51<=10),"Promoters",O51="Not Available","NA")} -> Detractors
A52: L1050 | B52: Bangalore MBC | C52: Hot | D52: 45952 | E52: 45954 | F52: 45955 | G52: 45961 | H52: =IF(G52="", "Not Delivered", "Delivered") -> Delivered | I52: No | J52: not cancelled | K52: 45975 | L52: 2 | M52: 1 | N52: 6 | O52: 6 | P52: {=_xlfn.IFS(O52<=6,"Detractors",AND(O52>=7,O52<=8),"Passives",AND(O52>8,O52<=10),"Promoters",O52="Not Available","NA")} -> Detractors
A53: L1051 | B53: Mumbai MBC | C53: Hot | D53: 45943 | E53: 45944 | F53: 45946 | G53: 45948 | H53: =IF(G53="", "Not Delivered", "Delivered") -> Delivered | I53: No | J53: not cancelled | K53: 45963 | L53: 1 | M53: 2 | N53: 2 | O53: 6 | P53: {=_xlfn.IFS(O53<=6,"Detractors",AND(O53>=7,O53<=8),"Passives",AND(O53>8,O53<=10),"Promoters",O53="Not Available","NA")} -> Detractors
A54: L1052 | B54: Bangalore MBC | C54: Hot | D54: 45941 | E54: 45944 | F54: 45949 | G54: 45953 | H54: =IF(G54="", "Not Delivered", "Delivered") -> Delivered | I54: No | J54: not cancelled | K54: 45976 | L54: 3 | M54: 5 | N54: 4 | O54: 4 | P54: {=_xlfn.IFS(O54<=6,"Detractors",AND(O54>=7,O54<=8),"Passives",AND(O54>8,O54<=10),"Promoters",O54="Not Available","NA")} -> Detractors
A55: L1053 | B55: Delhi MBC | C55: Warm | D55: 45931 | E55: 45936 | F55: 45938 | G55: 45942 | H55: =IF(G55="", "Not Delivered", "Delivered") -> Delivered | I55: No | J55: not cancelled | K55: 45972 | L55: 5 | M55: 2 | N55: 4 | O55: 4 | P55: {=_xlfn.IFS(O55<=6,"Detractors",AND(O55>=7,O55<=8),"Passives",AND(O55>8,O55<=10),"Promoters",O55="Not Available","NA")} -> Detractors
A56: L1054 | B56: Mumbai MBC | C56: Warm | D56: 45946 | E56: 45949 | F56: 45954 | G56: 45959 | H56: =IF(G56="", "Not Delivered", "Delivered") -> Delivered | I56: No | J56: not cancelled | K56: 45984 | L56: 3 | M56: 5 | N56: 5 | O56: 8 | P56: {=_xlfn.IFS(O56<=6,"Detractors",AND(O56>=7,O56<=8),"Passives",AND(O56>8,O56<=10),"Promoters",O56="Not Available","NA")} -> Passives
A57: L1055 | B57: Bangalore MBC | C57: Hot | D57: 45958 | E57: 45959 | F57: 45962 | G57: 45968 | H57: =IF(G57="", "Not Delivered", "Delivered") -> Delivered | I57: No | J57: not cancelled | K57: 45998 | L57: 1 | M57: 3 | N57: 6 | O57: 3 | P57: {=_xlfn.IFS(O57<=6,"Detractors",AND(O57>=7,O57<=8),"Passives",AND(O57>8,O57<=10),"Promoters",O57="Not Available","NA")} -> Detractors
A58: L1056 | B58: Mumbai MBC | C58: Warm | D58: 45941 | E58: 45944 | F58: 45948 | G58: 45951 | H58: =IF(G58="", "Not Delivered", "Delivered") -> Delivered | I58: No | J58: not cancelled | K58: 45971 | L58: 3 | M58: 4 | N58: 3 | O58: 6 | P58: {=_xlfn.IFS(O58<=6,"Detractors",AND(O58>=7,O58<=8),"Passives",AND(O58>8,O58<=10),"Promoters",O58="Not Available","NA")} -> Detractors
A59: L1057 | B59: Bangalore MBC | C59: Hot | D59: 45936 | E59: 45941 | F59: 45946 | G59: 45953 | H59: =IF(G59="", "Not Delivered", "Delivered") -> Delivered | I59: No | J59: not cancelled | K59: 45968 | L59: 5 | M59: 5 | N59: 7 | O59: 1 | P59: {=_xlfn.IFS(O59<=6,"Detractors",AND(O59>=7,O59<=8),"Passives",AND(O59>8,O59<=10),"Promoters",O59="Not Available","NA")} -> Detractors
A60: L1058 | B60: Bangalore MBC | C60: Warm | D60: 45946 | E60: 45948 | F60: 45952 | G60: 45959 | H60: =IF(G60="", "Not Delivered", "Delivered") -> Delivered | I60: Yes | J60: Financing Issue | L60: 2 | M60: 4 | N60: 7 | O60: Not Available | P60: {=_xlfn.IFS(O60<=6,"Detractors",AND(O60>=7,O60<=8),"Passives",AND(O60>8,O60<=10),"Promoters",O60="Not Available","NA")} -> NA
A61: L1059 | B61: Bangalore MBC | C61: Warm | D61: 45937 | E61: 45941 | F61: 45944 | G61: 45948 | H61: =IF(G61="", "Not Delivered", "Delivered") -> Delivered | I61: No | J61: not cancelled | K61: 45975 | L61: 4 | M61: 3 | N61: 4 | O61: 2 | P61: {=_xlfn.IFS(O61<=6,"Detractors",AND(O61>=7,O61<=8),"Passives",AND(O61>8,O61<=10),"Promoters",O61="Not Available","NA")} -> Detractors
A62: L1060 | B62: Delhi MBC | C62: Warm | D62: 45942 | E62: 45947 | F62: 45949 | G62: 45955 | H62: =IF(G62="", "Not Delivered", "Delivered") -> Delivered | I62: No | J62: not cancelled | K62: 45984 | L62: 5 | M62: 2 | N62: 6 | O62: 7 | P62: {=_xlfn.IFS(O62<=6,"Detractors",AND(O62>=7,O62<=8),"Passives",AND(O62>8,O62<=10),"Promoters",O62="Not Available","NA")} -> Passives
A63: L1061 | B63: Delhi MBC | C63: Hot | D63: 45956 | E63: 45961 | F63: 45965 | G63: 45971 | H63: =IF(G63="", "Not Delivered", "Delivered") -> Delivered | I63: No | J63: not cancelled | K63: 45992 | L63: 5 | M63: 4 | N63: 6 | O63: 9 | P63: {=_xlfn.IFS(O63<=6,"Detractors",AND(O63>=7,O63<=8),"Passives",AND(O63>8,O63<=10),"Promoters",O63="Not Available","NA")} -> Promoters
A64: L1062 | B64: Mumbai MBC | C64: Warm | D64: 45939 | E64: 45944 | F64: 45949 | G64: 45951 | H64: =IF(G64="", "Not Delivered", "Delivered") -> Delivered | I64: No | J64: not cancelled | K64: 45968 | L64: 5 | M64: 5 | N64: 2 | O64: 3 | P64: {=_xlfn.IFS(O64<=6,"Detractors",AND(O64>=7,O64<=8),"Passives",AND(O64>8,O64<=10),"Promoters",O64="Not Available","NA")} -> Detractors
A65: L1063 | B65: Bangalore MBC | C65: Hot | D65: 45941 | E65: 45946 | F65: 45949 | G65: 45956 | H65: =IF(G65="", "Not Delivered", "Delivered") -> Delivered | I65: No | J65: not cancelled | K65: 45984 | L65: 5 | M65: 3 | N65: 7 | O65: 3 | P65: {=_xlfn.IFS(O65<=6,"Detractors",AND(O65>=7,O65<=8),"Passives",AND(O65>8,O65<=10),"Promoters",O65="Not Available","NA")} -> Detractors
A66: L1064 | B66: Bangalore MBC | C66: Cold | D66: 45939 | H66: =IF(G66="", "Not Delivered", "Delivered") -> Not Delivered | I66: Yes | J66: Other | L66: 0 | M66: 0 | N66: 0 | O66: Not Available | P66: {=_xlfn.IFS(O66<=6,"Detractors",AND(O66>=7,O66<=8),"Passives",AND(O66>8,O66<=10),"Promoters",O66="Not Available","NA")} -> NA
A67: L1065 | B67: Delhi MBC | C67: Warm | D67: 45959 | E67: 45960 | F67: 45965 | G67: 45968 | H67: =IF(G67="", "Not Delivered", "Delivered") -> Delivered | I67: No | J67: not cancelled | K67: 45983 | L67: 1 | M67: 5 | N67: 3 | O67: 10 | P67: {=_xlfn.IFS(O67<=6,"Detractors",AND(O67>=7,O67<=8),"Passives",AND(O67>8,O67<=10),"Promoters",O67="Not Available","NA")} -> Promoters
A68: L1066 | B68: Bangalore MBC | C68: Warm | D68: 45950 | E68: 45955 | F68: 45958 | G68: 45962 | H68: =IF(G68="", "Not Delivered", "Delivered") -> Delivered | I68: No | J68: not cancelled | K68: 45984 | L68: 5 | M68: 3 | N68: 4 | O68: 4 | P68: {=_xlfn.IFS(O68<=6,"Detractors",AND(O68>=7,O68<=8),"Passives",AND(O68>8,O68<=10),"Promoters",O68="Not Available","NA")} -> Detractors
A69: L1067 | B69: Delhi MBC | C69: Hot | D69: 45953 | E69: 45956 | F69: 45959 | G69: 45961 | H69: =IF(G69="", "Not Delivered", "Delivered") -> Delivered | I69: No | J69: not cancelled | K69: 45980 | L69: 3 | M69: 3 | N69: 2 | O69: 5 | P69: {=_xlfn.IFS(O69<=6,"Detractors",AND(O69>=7,O69<=8),"Passives",AND(O69>8,O69<=10),"Promoters",O69="Not Available","NA")} -> Detractors
A70: L1068 | B70: Bangalore MBC | C70: Cold | D70: 45959 | H70: =IF(G70="", "Not Delivered", "Delivered") -> Not Delivered | I70: Yes | J70: Financing Issue | L70: 0 | M70: 0 | N70: 0 | O70: Not Available | P70: {=_xlfn.IFS(O70<=6,"Detractors",AND(O70>=7,O70<=8),"Passives",AND(O70>8,O70<=10),"Promoters",O70="Not Available","NA")} -> NA
A71: L1069 | B71: Mumbai MBC | C71: Hot | D71: 45939 | E71: 45940 | F71: 45945 | G71: 45948 | H71: =IF(G71="", "Not Delivered", "Delivered") -> Delivered | I71: No | J71: not cancelled | K71: 45967 | L71: 1 | M71: 5 | N71: 3 | O71: 1 | P71: {=_xlfn.IFS(O71<=6,"Detractors",AND(O71>=7,O71<=8),"Passives",AND(O71>8,O71<=10),"Promoters",O71="Not Available","NA")} -> Detractors
A72: L1070 | B72: Bangalore MBC | C72: Hot | D72: 45948 | E72: 45950 | F72: 45954 | G72: 45958 | H72: =IF(G72="", "Not Delivered", "Delivered") -> Delivered | I72: No | J72: not cancelled | K72: 45972 | L72: 2 | M72: 4 | N72: 4 | O72: 10 | P72: {=_xlfn.IFS(O72<=6,"Detractors",AND(O72>=7,O72<=8),"Passives",AND(O72>8,O72<=10),"Promoters",O72="Not Available","NA")} -> Promoters
A73: L1071 | B73: Bangalore MBC | C73: Warm | D73: 45931 | E73: 45934 | F73: 45936 | G73: 45938 | H73: =IF(G73="", "Not Delivered", "Delivered") -> Delivered | I73: No | J73: not cancelled | K73: 45953 | L73: 3 | M73: 2 | N73: 2 | O73: 7 | P73: {=_xlfn.IFS(O73<=6,"Detractors",AND(O73>=7,O73<=8),"Passives",AND(O73>8,O73<=10),"Promoters",O73="Not Available","NA")} -> Passives
A74: L1072 | B74: Chennai MBC | C74: Hot | D74: 45947 | E74: 45950 | F74: 45952 | G74: 45955 | H74: =IF(G74="", "Not Delivered", "Delivered") -> Delivered | I74: No | J74: not cancelled | K74: 45965 | L74: 3 | M74: 2 | N74: 3 | O74: 6 | P74: {=_xlfn.IFS(O74<=6,"Detractors",AND(O74>=7,O74<=8),"Passives",AND(O74>8,O74<=10),"Promoters",O74="Not Available","NA")} -> Detractors
A75: L1073 | B75: Delhi MBC | C75: Cold | D75: 45961 | H75: =IF(G75="", "Not Delivered", "Delivered") -> Not Delivered | I75: Yes | J75: Price | L75: 0 | M75: 0 | N75: 0 | O75: Not Available | P75: {=_xlfn.IFS(O75<=6,"Detractors",AND(O75>=7,O75<=8),"Passives",AND(O75>8,O75<=10),"Promoters",O75="Not Available","NA")} -> NA
A76: L1074 | B76: Bangalore MBC | C76: Warm | D76: 45937 | E76: 45940 | F76: 45943 | G76: 45947 | H76: =IF(G76="", "Not Delivered", "Delivered") -> Delivered | I76: No | J76: not cancelled | K76: 45975 | L76: 3 | M76: 3 | N76: 4 | O76: 0 | P76: {=_xlfn.IFS(O76<=6,"Detractors",AND(O76>=7,O76<=8),"Passives",AND(O76>8,O76<=10),"Promoters",O76="Not Available","NA")} -> Detractors
A77: L1075 | B77: Bangalore MBC | C77: Hot | D77: 45933 | E77: 45936 | F77: 45941 | G77: 45948 | H77: =IF(G77="", "Not Delivered", "Delivered") -> Delivered | I77: No | J77: not cancelled | K77: 45970 | L77: 3 | M77: 5 | N77: 7 | O77: 1 | P77: {=_xlfn.IFS(O77<=6,"Detractors",AND(O77>=7,O77<=8),"Passives",AND(O77>8,O77<=10),"Promoters",O77="Not Available","NA")} -> Detractors
A78: L1076 | B78: Chennai MBC | C78: Warm | D78: 45938 | E78: 45939 | F78: 45942 | G78: 45945 | H78: =IF(G78="", "Not Delivered", "Delivered") -> Delivered | I78: No | J78: not cancelled | K78: 45973 | L78: 1 | M78: 3 | N78: 3 | O78: 8 | P78: {=_xlfn.IFS(O78<=6,"Detractors",AND(O78>=7,O78<=8),"Passives",AND(O78>8,O78<=10),"Promoters",O78="Not Available","NA")} -> Passives
A79: L1077 | B79: Chennai MBC | C79: Cold | D79: 45954 | H79: =IF(G79="", "Not Delivered", "Delivered") -> Not Delivered | I79: Yes | J79: Other | L79: 0 | M79: 0 | N79: 0 | O79: Not Available | P79: {=_xlfn.IFS(O79<=6,"Detractors",AND(O79>=7,O79<=8),"Passives",AND(O79>8,O79<=10),"Promoters",O79="Not Available","NA")} -> NA
A80: L1078 | B80: Delhi MBC | C80: Cold | D80: 45944 | H80: =IF(G80="", "Not Delivered", "Delivered") -> Not Delivered | I80: Yes | J80: Financing Issue | L80: 0 | M80: 0 | N80: 0 | O80: Not Available | P80: {=_xlfn.IFS(O80<=6,"Detractors",AND(O80>=7,O80<=8),"Passives",AND(O80>8,O80<=10),"Promoters",O80="Not Available","NA")} -> NA
A81: L1079 | B81: Chennai MBC | C81: Warm | D81: 45946 | E81: 45948 | F81: 45950 | G81: 45956 | H81: =IF(G81="", "Not Delivered", "Delivered") -> Delivered | I81: Yes | J81: Changed Mind | L81: 2 | M81: 2 | N81: 6 | O81: Not Available | P81: {=_xlfn.IFS(O81<=6,"Detractors",AND(O81>=7,O81<=8),"Passives",AND(O81>8,O81<=10),"Promoters",O81="Not Available","NA")} -> NA
A82: L1080 | B82: Mumbai MBC | C82: Cold | D82: 45948 | H82: =IF(G82="", "Not Delivered", "Delivered") -> Not Delivered | I82: Yes | J82: Other | L82: 0 | M82: 0 | N82: 0 | O82: Not Available | P82: {=_xlfn.IFS(O82<=6,"Detractors",AND(O82>=7,O82<=8),"Passives",AND(O82>8,O82<=10),"Promoters",O82="Not Available","NA")} -> NA
A83: L1081 | B83: Chennai MBC | C83: Cold | D83: 45955 | H83: =IF(G83="", "Not Delivered", "Delivered") -> Not Delivered | I83: Yes | J83: Other | L83: 0 | M83: 0 | N83: 0 | O83: Not Available | P83: {=_xlfn.IFS(O83<=6,"Detractors",AND(O83>=7,O83<=8),"Passives",AND(O83>8,O83<=10),"Promoters",O83="Not Available","NA")} -> NA
A84: L1082 | B84: Mumbai MBC | C84: Warm | D84: 45938 | E84: 45940 | F84: 45943 | G84: 45948 | H84: =IF(G84="", "Not Delivered", "Delivered") -> Delivered | I84: No | J84: not cancelled | K84: 45959 | L84: 2 | M84: 3 | N84: 5 | O84: 5 | P84: {=_xlfn.IFS(O84<=6,"Detractors",AND(O84>=7,O84<=8),"Passives",AND(O84>8,O84<=10),"Promoters",O84="Not Available","NA")} -> Detractors
A85: L1083 | B85: Delhi MBC | C85: Hot | D85: 45953 | E85: 45958 | F85: 45961 | G85: 45966 | H85: =IF(G85="", "Not Delivered", "Delivered") -> Delivered | I85: No | J85: not cancelled | K85: 45981 | L85: 5 | M85: 3 | N85: 5 | O85: 5 | P85: {=_xlfn.IFS(O85<=6,"Detractors",AND(O85>=7,O85<=8),"Passives",AND(O85>8,O85<=10),"Promoters",O85="Not Available","NA")} -> Detractors
A86: L1084 | B86: Delhi MBC | C86: Warm | D86: 45946 | E86: 45950 | F86: 45952 | G86: 45958 | H86: =IF(G86="", "Not Delivered", "Delivered") -> Delivered | I86: No | J86: not cancelled | K86: 45987 | L86: 4 | M86: 2 | N86: 6 | O86: 4 | P86: {=_xlfn.IFS(O86<=6,"Detractors",AND(O86>=7,O86<=8),"Passives",AND(O86>8,O86<=10),"Promoters",O86="Not Available","NA")} -> Detractors
A87: L1085 | B87: Delhi MBC | C87: Cold | D87: 45951 | H87: =IF(G87="", "Not Delivered", "Delivered") -> Not Delivered | I87: Yes | J87: Model Unavailable | L87: 0 | M87: 0 | N87: 0 | O87: Not Available | P87: {=_xlfn.IFS(O87<=6,"Detractors",AND(O87>=7,O87<=8),"Passives",AND(O87>8,O87<=10),"Promoters",O87="Not Available","NA")} -> NA
A88: L1086 | B88: Delhi MBC | C88: Hot | D88: 45953 | E88: 45954 | F88: 45958 | G88: 45961 | H88: =IF(G88="", "Not Delivered", "Delivered") -> Delivered | I88: No | J88: not cancelled | K88: 45981 | L88: 1 | M88: 4 | N88: 3 | O88: 7 | P88: {=_xlfn.IFS(O88<=6,"Detractors",AND(O88>=7,O88<=8),"Passives",AND(O88>8,O88<=10),"Promoters",O88="Not Available","NA")} -> Passives
A89: L1087 | B89: Delhi MBC | C89: Cold | D89: 45946 | H89: =IF(G89="", "Not Delivered", "Delivered") -> Not Delivered | I89: Yes | J89: Changed Mind | L89: 0 | M89: 0 | N89: 0 | O89: Not Available | P89: {=_xlfn.IFS(O89<=6,"Detractors",AND(O89>=7,O89<=8),"Passives",AND(O89>8,O89<=10),"Promoters",O89="Not Available","NA")} -> NA
A90: L1088 | B90: Mumbai MBC | C90: Hot | D90: 45945 | E90: 45947 | F90: 45950 | G90: 45956 | H90: =IF(G90="", "Not Delivered", "Delivered") -> Delivered | I90: No | J90: not cancelled | K90: 45985 | L90: 2 | M90: 3 | N90: 6 | O90: 5 | P90: {=_xlfn.IFS(O90<=6,"Detractors",AND(O90>=7,O90<=8),"Passives",AND(O90>8,O90<=10),"Promoters",O90="Not Available","NA")} -> Detractors
A91: L1089 | B91: Mumbai MBC | C91: Hot | D91: 45956 | E91: 45957 | F91: 45961 | G91: 45966 | H91: =IF(G91="", "Not Delivered", "Delivered") -> Delivered | I91: No | J91: not cancelled | K91: 45983 | L91: 1 | M91: 4 | N91: 5 | O91: 8 | P91: {=_xlfn.IFS(O91<=6,"Detractors",AND(O91>=7,O91<=8),"Passives",AND(O91>8,O91<=10),"Promoters",O91="Not Available","NA")} -> Passives
A92: L1090 | B92: Delhi MBC | C92: Warm | D92: 45931 | E92: 45932 | F92: 45935 | G92: 45940 | H92: =IF(G92="", "Not Delivered", "Delivered") -> Delivered | I92: No | J92: not cancelled | K92: 45970 | L92: 1 | M92: 3 | N92: 5 | O92: 0 | P92: {=_xlfn.IFS(O92<=6,"Detractors",AND(O92>=7,O92<=8),"Passives",AND(O92>8,O92<=10),"Promoters",O92="Not Available","NA")} -> Detractors
A93: L1091 | B93: Chennai MBC | C93: Hot | D93: 45933 | E93: 45938 | F93: 45943 | G93: 45946 | H93: =IF(G93="", "Not Delivered", "Delivered") -> Delivered | I93: No | J93: not cancelled | K93: 45974 | L93: 5 | M93: 5 | N93: 3 | O93: 9 | P93: {=_xlfn.IFS(O93<=6,"Detractors",AND(O93>=7,O93<=8),"Passives",AND(O93>8,O93<=10),"Promoters",O93="Not Available","NA")} -> Promoters
A94: L1092 | B94: Bangalore MBC | C94: Cold | D94: 45940 | H94: =IF(G94="", "Not Delivered", "Delivered") -> Not Delivered | I94: Yes | J94: Price | L94: 0 | M94: 0 | N94: 0 | O94: Not Available | P94: {=_xlfn.IFS(O94<=6,"Detractors",AND(O94>=7,O94<=8),"Passives",AND(O94>8,O94<=10),"Promoters",O94="Not Available","NA")} -> NA
A95: L1093 | B95: Delhi MBC | C95: Cold | D95: 45938 | H95: =IF(G95="", "Not Delivered", "Delivered") -> Not Delivered | I95: Yes | J95: Financing Issue | L95: 0 | M95: 0 | N95: 0 | O95: Not Available | P95: {=_xlfn.IFS(O95<=6,"Detractors",AND(O95>=7,O95<=8),"Passives",AND(O95>8,O95<=10),"Promoters",O95="Not Available","NA")} -> NA
A96: L1094 | B96: Chennai MBC | C96: Cold | D96: 45943 | H96: =IF(G96="", "Not Delivered", "Delivered") -> Not Delivered | I96: Yes | J96: Model Unavailable | L96: 0 | M96: 0 | N96: 0 | O96: Not Available | P96: {=_xlfn.IFS(O96<=6,"Detractors",AND(O96>=7,O96<=8),"Passives",AND(O96>8,O96<=10),"Promoters",O96="Not Available","NA")} -> NA
A97: L1095 | B97: Bangalore MBC | C97: Warm | D97: 45953 | E97: 45955 | F97: 45958 | G97: 45963 | H97: =IF(G97="", "Not Delivered", "Delivered") -> Delivered | I97: No | J97: not cancelled | K97: 45976 | L97: 2 | M97: 3 | N97: 5 | O97: 9 | P97: {=_xlfn.IFS(O97<=6,"Detractors",AND(O97>=7,O97<=8),"Passives",AND(O97>8,O97<=10),"Promoters",O97="Not Available","NA")} -> Promoters
A98: L1096 | B98: Delhi MBC | C98: Hot | D98: 45938 | E98: 45942 | F98: 45945 | G98: 45952 | H98: =IF(G98="", "Not Delivered", "Delivered") -> Delivered | I98: Yes | J98: Financing Issue | L98: 4 | M98: 3 | N98: 7 | O98: Not Available | P98: {=_xlfn.IFS(O98<=6,"Detractors",AND(O98>=7,O98<=8),"Passives",AND(O98>8,O98<=10),"Promoters",O98="Not Available","NA")} -> NA
A99: L1097 | B99: Delhi MBC | C99: Warm | D99: 45940 | E99: 45944 | F99: 45945 | G99: 45951 | H99: =IF(G99="", "Not Delivered", "Delivered") -> Delivered | I99: No | J99: not cancelled | K99: 45976 | L99: 4 | M99: 1 | N99: 6 | O99: 6 | P99: {=_xlfn.IFS(O99<=6,"Detractors",AND(O99>=7,O99<=8),"Passives",AND(O99>8,O99<=10),"Promoters",O99="Not Available","NA")} -> Detractors
A100: L1098 | B100: Mumbai MBC | C100: Warm | D100: 45952 | E100: 45956 | F100: 45961 | G100: 45968 | H100: =IF(G100="", "Not Delivered", "Delivered") -> Delivered | I100: No | J100: not cancelled | K100: 45982 | L100: 4 | M100: 5 | N100: 7 | O100: 0 | P100: {=_xlfn.IFS(O100<=6,"Detractors",AND(O100>=7,O100<=8),"Passives",AND(O100>8,O100<=10),"Promoters",O100="Not Available","NA")} -> Detractors
A101: L1099 | B101: Bangalore MBC | C101: Warm | D101: 45949 | E101: 45952 | F101: 45957 | G101: 45964 | H101: =IF(G101="", "Not Delivered", "Delivered") -> Delivered | I101: No | J101: not cancelled | K101: 45984 | L101: 3 | M101: 5 | N101: 7 | O101: 10 | P101: {=_xlfn.IFS(O101<=6,"Detractors",AND(O101>=7,O101<=8),"Passives",AND(O101>8,O101<=10),"Promoters",O101="Not Available","NA")} -> Promoters
...

Sheet Solutions
A1: Question 1.1: Conversion rates
A2: The analysis for this question is done by using Pivot Table.
D5: Store Name | E5: Count of Lead Date | F5: Count of Pre-Booking Date | G5: Count of Booking Date | H5: Count of Delivery Date
D6: Bangalore MBC | E6: 263 | F6: 212 | G6: 212 | H6: 212
D7: Chennai MBC | E7: 212 | F7: 173 | G7: 173 | H7: 173
D8: Delhi MBC | E8: 263 | F8: 212 | G8: 212 | H8: 212
D9: Mumbai MBC | E9: 262 | F9: 215 | G9: 215 | H9: 215
D10: Grand Total | E10: 1000 | F10: 812 | G10: 812 | H10: 812
A12: Conversion at each stage | D12: Store Room | E12: Count of Lead Date | F12: Count of Pre-Booking Date | G12: Count of Booking Date | H12: Count of Delhivery Date | I12: Conversion from Lead to Pre-Booking | J12: Conversion from Pre-Booking to Booking | K12: Conversion from Booking to Delivery
D13: Bangalore MBC | E13: =COUNTIFS(Sheet1!$B:$B,Solutions!D13) -> 263 | F13: 212 | G13: 212 | H13: 212 | I13: =F13/E13 -> 0.80608365 | J13: =G13/F13 -> 1 | K13: =H13/G13 -> 1
D14: Chennai MBC | E14: =COUNTIFS(Sheet1!$B:$B,Solutions!D14) -> 212 | F14: 173 | G14: 173 | H14: 173 | I14: =F14/E14 -> 0.81603774 | J14: =G14/F14 -> 1 | K14: =H14/G14 -> 1
D15: Delhi MBC | E15: =COUNTIFS(Sheet1!$B:$B,Solutions!D15) -> 263 | F15: 212 | G15: 212 | H15: 212 | I15: =F15/E15 -> 0.80608365 | J15: =G15/F15 -> 1 | K15: =H15/G15 -> 1
D16: Mumbai MBC | E16: =COUNTIFS(Sheet1!$B:$B,Solutions!D16) -> 262 | F16: 215 | G16: 215 | H16: 215 | I16: =F16/E16 -> 0.82061069 | J16: =G16/F16 -> 1 | K16: =H16/G16 -> 1
A18: Final Conversion | D18: Store Room | E18: Conversion from Lead Date to Delivery
D19: Bangalore MBC | E19: =H13/E13 -> 0.80608365
D20: Chennai MBC | E20: =H14/E14 -> 0.81603774
D21: Delhi MBC | E21: =H15/E15 -> 0.80608365
D22: Mumbai MBC | E22: =H16/E16 -> 0.82061069
A30: Question 1.2: Average TAT for each stage per store
A31: The analysis for this question is done by using Pivot Table.
D34: Store Name | E34: Average of TAT Pre-Booking (Days) | F34: Average of TAT Booking (Days) | G34: Average of TAT Delivery (Days)
D35: Bangalore MBC | E35: 3.1179245 | F35: 3.0330189 | G35: 4.5141509
D36: Chennai MBC | E36: 3.1213873 | F36: 3.2023121 | G36: 4.3872832
D37: Delhi MBC | E37: 3.0283019 | F37: 3.0188679 | G37: 4.2830189
D38: Mumbai MBC | E38: 2.9767442 | F38: 3.0465116 | G38: 4.627907
D39: Grand Total | E39: 3.0578818 | F39: 3.0689655 | G39: 4.4568966
D42: Store Name | E42: Avg. TAT for Lead to Pre-Booking stage | F42: Avg. TAT for Pre-Booking to Booking stage | G42: Avg. TAT for Booking to Delivery stage
D43: Bangalore MBC | E43: 3.1179245 | F43: 3.0330189 | G43: 4.5141509
D44: Chennai MBC | E44: 3.1213873 | F44: 3.2023121 | G44: 4.3872832
D45: Delhi MBC | E45: 3.0283019 | F45: 3.0188679 | G45: 4.2830189
D46: Mumbai MBC | E46: 2.9767442 | F46: 3.0465116 | G46: 4.627907
A53: Question 1.3: Cancellation patterns by store and reason
A54: The analysis for this question is done by using Excel Formulas.
D57: Count of Lead ID | E57: Cancellation Status
D58: Store Name | E58: Changed Mind | F58: Financing Issue | G58: Model Unavailable | H58: Other | I58: Price | J58: Grand Total
D59: Bangalore MBC | E59: 13 | F59: 14 | G59: 13 | H59: 22 | I59: 10 | J59: 72
D60: Chennai MBC | E60: 15 | F60: 10 | G60: 8 | H60: 8 | I60: 18 | J60: 59
D61: Delhi MBC | E61: 14 | F61: 21 | G61: 13 | H61: 13 | I61: 16 | J61: 77
D62: Mumbai MBC | E62: 9 | F62: 14 | G62: 9 | H62: 14 | I62: 17 | J62: 63
D63: Grand Total | E63: 51 | F63: 59 | G63: 43 | H63: 57 | I63: 61 | J63: 271
E67: Cancellation Reason
D68: Store Name | E68: Changed mind | F68: Financing issue | G68: Model Unavailable | H68: Other | I68: Price | J68: Grand Total | K68: % cancellation per Store
D69: Bangalore MBC | E69: =COUNTIFS(Sheet1!$B:$B,Solutions!D69,Sheet1!J:J,Solutions!$E$68) -> 13 | F69: =COUNTIFS(Sheet1!$B:$B,Solutions!D69,Sheet1!$J:$J,Solutions!$F$68) -> 14 | G69: =COUNTIFS(Sheet1!B:B,Solutions!D69,Sheet1!J:J,Solutions!$G$68) -> 13 | H69: =COUNTIFS(Sheet1!$B:$B,Solutions!D69,Sheet1!J:J,Solutions!$H$68) -> 22 | I69: =COUNTIFS(Sheet1!$B:$B,Solutions!D69,Sheet1!$J:$J,Solutions!$I$68) -> 10 | J69: =SUM(E69:I69) -> 72 | K69: =J69/E13 -> 0.27376426
D70: Chennai MBC | E70: =COUNTIFS(Sheet1!$B:$B,Solutions!D70,Sheet1!J:J,Solutions!$E$68) -> 15 | F70: =COUNTIFS(Sheet1!$B:$B,Solutions!D70,Sheet1!$J:$J,Solutions!$F$68) -> 10 | G70: =COUNTIFS(Sheet1!B:B,Solutions!D70,Sheet1!J:J,Solutions!$G$68) -> 8 | H70: =COUNTIFS(Sheet1!$B:$B,Solutions!D70,Sheet1!J:J,Solutions!$H$68) -> 8 | I70: =COUNTIFS(Sheet1!$B:$B,Solutions!D70,Sheet1!$J:$J,Solutions!$I$68) -> 18 | J70: =SUM(E70:I70) -> 59 | K70: =J70/E14 -> 0.27830189
D71: Delhi MBC | E71: =COUNTIFS(Sheet1!$B:$B,Solutions!D71,Sheet1!J:J,Solutions!$E$68) -> 14 | F71: =COUNTIFS(Sheet1!$B:$B,Solutions!D71,Sheet1!$J:$J,Solutions!$F$68) -> 21 | G71: =COUNTIFS(Sheet1!B:B,Solutions!D71,Sheet1!J:J,Solutions!$G$68) -> 13 | H71: =COUNTIFS(Sheet1!$B:$B,Solutions!D71,Sheet1!J:J,Solutions!$H$68) -> 13 | I71: =COUNTIFS(Sheet1!$B:$B,Solutions!D71,Sheet1!$J:$J,Solutions!$I$68) -> 16 | J71: =SUM(E71:I71) -> 77 | K71: =J71/E15 -> 0.29277567
D72: Mumbai MBC | E72: =COUNTIFS(Sheet1!$B:$B,Solutions!D72,Sheet1!J:J,Solutions!$E$68) -> 9 | F72: =COUNTIFS(Sheet1!$B:$B,Solutions!D72,Sheet1!$J:$J,Solutions!$F$68) -> 14 | G72: =COUNTIFS(Sheet1!B:B,Solutions!D72,Sheet1!J:J,Solutions!$G$68) -> 9 | H72: =COUNTIFS(Sheet1!$B:$B,Solutions!D72,Sheet1!J:J,Solutions!$H$68) -> 14 | I72: =COUNTIFS(Sheet1!$B:$B,Solutions!D72,Sheet1!$J:$J,Solutions!$I$68) -> 17 | J72: =SUM(E72:I72) -> 63 | K72: =J72/E16 -> 0.24045802
J73: =SUM(J69:J72) -> 271
A80: Question 1.4: Breakdown of Hot/Warm/Cold leads
A81: The analysis for this question is done by using Excel Formulas.
D84: Lead Type | E84: Count of Lead Type | F84: Percentage of Total Lead Count
D85: Cold | E85: =COUNTIF(Sheet1!$C:$C,Solutions!D85) -> 188 | F85: =E85/$E$88 -> 0.188
D86: Hot | E86: =COUNTIF(Sheet1!$C:$C,Solutions!D86) -> 303 | F86: =E86/$E$88 -> 0.303
D87: Warm | E87: =COUNTIF(Sheet1!$C:$C,Solutions!D87) -> 509 | F87: =E87/$E$88 -> 0.509
D88: Total | E88: =SUM(E85:E87) -> 1000
D91: Lead Type | E91: Delivered | F91: Not Delivered | G91: Percentage Delivered
D92: Cold | E92: =COUNTIFS(Sheet1!C:C, "Cold", Sheet1!H:H,"Delivered") -> 0 | F92: =COUNTIFS(Sheet1!C:C, "Cold", Sheet1!H:H,"Not Delivered") -> 188 | G92: =E92/(E92+F92) -> 0
D93: Hot | E93: =COUNTIFS(Sheet1!C:C, "Hot", Sheet1!H:H,"Delivered") -> 303 | F93: =COUNTIFS(Sheet1!C:C, "Hot", Sheet1!H:H,"Not Delivered") -> 0 | G93: =E93/(E93+F93) -> 1
D94: Warm | E94: =COUNTIFS(Sheet1!C:C, "Warm", Sheet1!H:H,"Delivered") -> 509 | F94: =COUNTIFS(Sheet1!C:C, "Warm", Sheet1!H:H,"Not Delivered") -> 0 | G94: =E94/(E94+F94) -> 1
D95: Total | E95: =SUM(E92:E94) -> 812 | F95: =SUM(F92:F94) -> 188
E99: Cancellation Status
D100: Lead Type | E100: Yes | F100: No | G100: Percentage Not Cancelled
D101: Cold | E101: =COUNTIFS(Sheet1!$C:$C,"Cold", Sheet1!$I:$I,"Yes") -> 188 | F101: =COUNTIFS(Sheet1!$C:$C,"Cold", Sheet1!$I:$I,"No") -> 0 | G101: =F101/(F101+E101) -> 0
D102: Hot | E102: =COUNTIFS(Sheet1!$C:$C,"Hot", Sheet1!$I:$I,"Yes") -> 26 | F102: =COUNTIFS(Sheet1!$C:$C,"Hot", Sheet1!$I:$I,"No") -> 277 | G102: =F102/(E102+F102) -> 0.91419142
D103: Warm | E103: =COUNTIFS(Sheet1!$C:$C,"Warm", Sheet1!$I:$I,"Yes") -> 57 | F103: =COUNTIFS(Sheet1!$C:$C,"Warm", Sheet1!$I:$I,"No") -> 452 | G103: =F103/(E103+F103) -> 0.88801572
D104: Total | E104: =SUM(E101:E103) -> 271 | F104: =SUM(F101:F103) -> 729
E108: Store Name
D109: Lead Type | E109: Bangalore MBC | F109: Delhi MBC | G109: Mumbai MBC | H109: Chennai MBC
D110: Cold | E110: =COUNTIFS(Sheet1!$C:$C,"Cold", Sheet1!$B:$B,"Bangalore MBC") -> 51 | F110: =COUNTIFS(Sheet1!$C:$C,"Cold", Sheet1!$B:$B,"Delhi MBC") -> 51 | G110: =COUNTIFS(Sheet1!$C:$C,"Cold", Sheet1!$B:$B,"Mumbai MBC") -> 47 | H110: =COUNTIFS(Sheet1!$C:$C,"Cold", Sheet1!$B:$B,"Chennai MBC") -> 39
D111: Hot | E111: =COUNTIFS(Sheet1!$C:$C,"Hot", Sheet1!$B:$B,"Bangalore MBC") -> 80 | F111: =COUNTIFS(Sheet1!$C:$C,"Hot", Sheet1!$B:$B,"Delhi MBC") -> 70 | G111: =COUNTIFS(Sheet1!$C:$C,"Hot",Sheet1!$B:$B,"Mumbai MBC") -> 83 | H111: =COUNTIFS(Sheet1!$C:$C,"Hot", Sheet1!$B:$B,"Chennai MBC") -> 70
D112: Warm | E112: =COUNTIFS(Sheet1!$C:$C,"Warm", Sheet1!$B:$B,"Bangalore MBC") -> 132 | F112: =COUNTIFS(Sheet1!$C:$C,"Warm",Sheet1!$B:$B,"Delhi MBC") -> 142 | G112: =COUNTIFS(Sheet1!$C:$C,"Warm",Sheet1!$B:$B,"Mumbai MBC") -> 132 | H112: =COUNTIFS(Sheet1!$C:$C,"Warm", Sheet1!$B:$B,"Chennai MBC") -> 103
D113: Total | E113: =SUM(E110:E112) -> 263 | F113: =SUM(F110:F112) -> 263 | G113: =SUM(G110:G112) -> 262 | H113: =SUM(H110:H112) -> 212
A120: Question 1.5: NPS of each store
A121: The analysis for this question is done by using Excel Formulas.
B122: ASSUMPTION: Customer rating <=6 are Detractors, 7 and 8 are Passives, 9 and 10 are Promoters
E125: Store Name
E126: Bangalore MBC | F126: Delhi MBC | G126: Mumbai MBC | H126: Chennai MBC
D127: Promoters | E127: =COUNTIFS(Sheet1!$B:$B,Solutions!$E$126,Sheet1!P:P,Solutions!D127) -> 23 | F127: =COUNTIFS(Sheet1!$B:$B,Solutions!$F$126,Sheet1!$P:$P,Solutions!D127) -> 30 | G127: =COUNTIFS(Sheet1!$B:$B,Solutions!$G$126,Sheet1!$P:$P,Solutions!D127) -> 23 | H127: =COUNTIFS(Sheet1!$B:$B,Solutions!$H$126,Sheet1!$P:$P,Solutions!D127) -> 28
D128: Passives | E128: =COUNTIFS(Sheet1!$B:$B,Solutions!$E$126,Sheet1!P:P,Solutions!D128) -> 34 | F128: =COUNTIFS(Sheet1!$B:$B,Solutions!$F$126,Sheet1!$P:$P,Solutions!D128) -> 33 | G128: =COUNTIFS(Sheet1!$B:$B,Solutions!$G$126,Sheet1!$P:$P,Solutions!D128) -> 38 | H128: =COUNTIFS(Sheet1!$B:$B,Solutions!$H$126,Sheet1!$P:$P,Solutions!D128) -> 26
D129: Detractors | E129: =COUNTIFS(Sheet1!$B:$B,Solutions!$E$126,Sheet1!P:P,Solutions!D129) -> 134 | F129: =COUNTIFS(Sheet1!$B:$B,Solutions!$F$126,Sheet1!$P:$P,Solutions!D129) -> 123 | G129: =COUNTIFS(Sheet1!$B:$B,Solutions!$G$126,Sheet1!$P:$P,Solutions!D129) -> 138 | H129: =COUNTIFS(Sheet1!$B:$B,Solutions!$H$126,Sheet1!$P:$P,Solutions!D129) -> 99
D130: Total | E130: =SUM(E127:E129) -> 191 | F130: =SUM(F127:F129) -> 186 | G130: =SUM(G127:G129) -> 199 | H130: =SUM(H127:H129) -> 153
D134: Percentage NPS (Net Promoter Score) = Percenatge Promoters - Percentage Detractors
E136: Store Name
E137: Bangalore MBC | F137: Delhi MBC | G137: Mumbai MBC | H137: Chennai MBC
D138: Percentage NPS | E138: =((E127/E130)-(E129/E130)) -> -0.58115183 | F138: =((F127/F130)-(F129/F130)) -> -0.5 | G138: =((G127/G130)-(G129/G130)) -> -0.57788945 | H138: =((H127/H130)-(H129/H130)) -> -0.46405229
A148: Question 2: Highlight high-potential leads
A149: The analysis for this question is done by using Excel Formulas.
E152: Cancellation Status
E153: Yes | F153: No | G153: Percentage Not Cancelled
D154: Cold | E154: =COUNTIFS(Sheet1!$C:$C,Solutions!D154,Sheet1!$I:$I,Solutions!$E$153) -> 188 | F154: =COUNTIFS(Sheet1!$C:$C,Solutions!D154,Sheet1!$I:$I,Solutions!$F$153) -> 0 | G154: =F154/(F154+E154) -> 0
D155: Hot | E155: =COUNTIFS(Sheet1!$C:$C,Solutions!D155,Sheet1!$I:$I,Solutions!$E$153) -> 26 | F155: =COUNTIFS(Sheet1!$C:$C,Solutions!D155,Sheet1!$I:$I,Solutions!$F$153) -> 277 | G155: =F155/(F155+E155) -> 0.91419142
D156: Warm | E156: =COUNTIFS(Sheet1!$C:$C,Solutions!D156,Sheet1!$I:$I,Solutions!$E$153) -> 57 | F156: =COUNTIFS(Sheet1!$C:$C,Solutions!D156,Sheet1!$I:$I,Solutions!$F$153) -> 452 | G156: =F156/(F156+E156) -> 0.88801572
E161: NOTE: High potentials leads are highlighted in "Sheet 1"

Sheet Dashboard_
V16: Select Store Name | W16: Cancellation Reason | X16: Total Number
V17: Chennai MBC | W17: Changed Mind | X17: =COUNTIFS(Sheet1!$B:$B,$V$17,Sheet1!$J:$J,W17) -> 15
W18: Financing issue | X18: =COUNTIFS(Sheet1!$B:$B,$V$17,Sheet1!$J:$J,W18) -> 10
W19: Model Unavailable | X19: =COUNTIFS(Sheet1!$B:$B,$V$17,Sheet1!$J:$J,W19) -> 8
W20: Other | X20: =COUNTIFS(Sheet1!$B:$B,$V$17,Sheet1!$J:$J,W20) -> 8
W21: Price | X21: =COUNTIFS(Sheet1!$B:$B,$V$17,Sheet1!$J:$J,W21) -> 18
W22: Total | X22: =SUM(X17:X21) -> 59
Q34: Select Store Name | R34: Reviewers | S34: Number of Customers
G35: Select Store Name | H35: Lead Type | I35: Number of Leads | Q35: Mumbai MBC | R35: Promoters | S35: =COUNTIFS(Sheet1!$B:$B,$Q$35,Sheet1!$P:$P,R35) -> 23
G36: Bangalore MBC | H36: Hot | I36: =COUNTIFS(Sheet1!$C:$C, H36,Sheet1!$B:$B,$G$36) -> 80 | R36: Passives | S36: =COUNTIFS(Sheet1!$B:$B,$Q$35,Sheet1!$P:$P,R36) -> 38
H37: Cold | I37: =COUNTIFS(Sheet1!$C:$C, H37,Sheet1!$B:$B,$G$36) -> 51 | R37: Detractors | S37: =COUNTIFS(Sheet1!$B:$B,$Q$35,Sheet1!$P:$P,R37) -> 138
H38: Warm | I38: =COUNTIFS(Sheet1!$C:$C, H38,Sheet1!$B:$B,$G$36) -> 132 | R38: Total | S38: =SUM(S35:S37) -> 199
H39: Total | I39: =SUM(I36:I38) -> 263
I47: Select Store Name | J47: Select Lead Type | K47: Customer Rating | L47: Total count of Customers | S47: All the Analysis and Dashboarding is done in MS Excel 2021.
I48: Delhi MBC | J48: Hot | K48: 0 | L48: =COUNTIFS(Sheet1!$B:$B,$I$48,Sheet1!$C:$C,$J$48,Sheet1!$O:$O,K48) -> 1
K49: 1 | L49: =COUNTIFS(Sheet1!$B:$B,$I$48,Sheet1!$C:$C,$J$48,Sheet1!$O:$O,K49) -> 5
K50: 2 | L50: =COUNTIFS(Sheet1!$B:$B,$I$48,Sheet1!$C:$C,$J$48,Sheet1!$O:$O,K50) -> 8
K51: 3 | L51: =COUNTIFS(Sheet1!$B:$B,$I$48,Sheet1!$C:$C,$J$48,Sheet1!$O:$O,K51) -> 8
K52: 4 | L52: =COUNTIFS(Sheet1!$B:$B,$I$48,Sheet1!$C:$C,$J$48,Sheet1!$O:$O,K52) -> 7
K53: 5 | L53: =COUNTIFS(Sheet1!$B:$B,$I$48,Sheet1!$C:$C,$J$48,Sheet1!$O:$O,K53) -> 4
K54: 6 | L54: =COUNTIFS(Sheet1!$B:$B,$I$48,Sheet1!$C:$C,$J$48,Sheet1!$O:$O,K54) -> 7
K55: 7 | L55: =COUNTIFS(Sheet1!$B:$B,$I$48,Sheet1!$C:$C,$J$48,Sheet1!$O:$O,K55) -> 9
K56: 8 | L56: =COUNTIFS(Sheet1!$B:$B,$I$48,Sheet1!$C:$C,$J$48,Sheet1!$O:$O,K56) -> 2
K57: 9 | L57: =COUNTIFS(Sheet1!$B:$B,$I$48,Sheet1!$C:$C,$J$48,Sheet1!$O:$O,K57) -> 4
K58: 10 | L58: =COUNTIFS(Sheet1!$B:$B,$I$48,Sheet1!$C:$C,$J$48,Sheet1!$O:$O,K58) -> 4

Sheet Dashboard
N26: ="Total Cancellation from store:" &M29 -> Total Cancellation from store:Bangalore MBC
M28: Select Store Name | N28: Cancellation Reason | O28: Total Number
M29: Bangalore MBC | N29: Changed Mind | O29: =COUNTIFS(Sheet1!$B:$B,Dashboard!$M$29,Sheet1!$J:$J,Dashboard!N29) -> 13
N30: Financing issue | O30: =COUNTIFS(Sheet1!$B:$B,Dashboard!$M$29,Sheet1!$J:$J,Dashboard!N30) -> 14
N31: Model Unavailable | O31: =COUNTIFS(Sheet1!$B:$B,Dashboard!$M$29,Sheet1!$J:$J,Dashboard!N31) -> 13
N32: Other | O32: =COUNTIFS(Sheet1!$B:$B,Dashboard!$M$29,Sheet1!$J:$J,Dashboard!N32) -> 22
N33: Price | O33: =COUNTIFS(Sheet1!$B:$B,Dashboard!$M$29,Sheet1!$J:$J,Dashboard!N33) -> 10
N34: Total | O34: =SUM(O29:O33) -> 72
N48: ="Total No. of Lead Type from store:" &M51 -> Total No. of Lead Type from store:Mumbai MBC
M50: Select Store Name | N50: Lead Type | O50: Number of Leads
M51: Mumbai MBC | N51: Hot | O51: =COUNTIFS(Sheet1!$C:$C, Dashboard!N51,Sheet1!$B:$B,Dashboard!$M$51) -> 83
N52: Cold | O52: =COUNTIFS(Sheet1!$C:$C, Dashboard!N52,Sheet1!$B:$B,Dashboard!$M$51) -> 47
N53: Warm | O53: =COUNTIFS(Sheet1!$C:$C, Dashboard!N53,Sheet1!$B:$B,Dashboard!$M$51) -> 132
N54: Total | O54: =SUM(O51:O53) -> 262
M68: Select Store Name | N68: Select Lead Type | O68: Customer Rating | P68: Total count of Customers
M69: Delhi MBC | N69: Warm | O69: 0 | P69: =COUNTIFS(Sheet1!$B:$B,Dashboard!$M$69,Sheet1!$C:$C,Dashboard!$N$69,Sheet1!$O:$O,Dashboard!O69) -> 9
O70: 1 | P70: =COUNTIFS(Sheet1!$B:$B,Dashboard!$M$69,Sheet1!$C:$C,Dashboard!$N$69,Sheet1!$O:$O,Dashboard!O70) -> 16
O71: 2 | P71: =COUNTIFS(Sheet1!$B:$B,Dashboard!$M$69,Sheet1!$C:$C,Dashboard!$N$69,Sheet1!$O:$O,Dashboard!O71) -> 13
O72: 3 | P72: =COUNTIFS(Sheet1!$B:$B,Dashboard!$M$69,Sheet1!$C:$C,Dashboard!$N$69,Sheet1!$O:$O,Dashboard!O72) -> 8
O73: 4 | P73: =COUNTIFS(Sheet1!$B:$B,Dashboard!$M$69,Sheet1!$C:$C,Dashboard!$N$69,Sheet1!$O:$O,Dashboard!O73) -> 16
O74: 5 | P74: =COUNTIFS(Sheet1!$B:$B,Dashboard!$M$69,Sheet1!$C:$C,Dashboard!$N$69,Sheet1!$O:$O,Dashboard!O74) -> 6
O75: 6 | P75: =COUNTIFS(Sheet1!$B:$B,Dashboard!$M$69,Sheet1!$C:$C,Dashboard!$N$69,Sheet1!$O:$O,Dashboard!O75) -> 15
O76: 7 | P76: =COUNTIFS(Sheet1!$B:$B,Dashboard!$M$69,Sheet1!$C:$C,Dashboard!$N$69,Sheet1!$O:$O,Dashboard!O76) -> 10
O77: 8 | P77: =COUNTIFS(Sheet1!$B:$B,Dashboard!$M$69,Sheet1!$C:$C,Dashboard!$N$69,Sheet1!$O:$O,Dashboard!O77) -> 12
O78: 9 | P78: =COUNTIFS(Sheet1!$B:$B,Dashboard!$M$69,Sheet1!$C:$C,Dashboard!$N$69,Sheet1!$O:$O,Dashboard!O78) -> 15
O79: 10 | P79: =COUNTIFS(Sheet1!$B:$B,Dashboard!$M$69,Sheet1!$C:$C,Dashboard!$N$69,Sheet1!$O:$O,Dashboard!O79) -> 7
M88: Select Store Name | N88: Reviewers | O88: Number of Customers
M89: Delhi MBC | N89: Promoters | O89: =COUNTIFS(Sheet1!$B:$B,Dashboard!$M$89,Sheet1!$P:$P,Dashboard!N89) -> 30
N90: Passives | O90: =COUNTIFS(Sheet1!$B:$B,Dashboard!$M$89,Sheet1!$P:$P,Dashboard!N90) -> 33
N91: Detractors | O91: =COUNTIFS(Sheet1!$B:$B,Dashboard!$M$89,Sheet1!$P:$P,Dashboard!N91) -> 123
N92: Total | O92: =SUM(O89:O91) -> 186
